{
  "train": [
    0.5555841066729573,
    0.8436128976271117
  ],
  "test": [
    0.7976070046424866,
    0.8215819001197815
  ]
}